Log_like_dislike_ratio_ground_truth,Predicted_log_like_dislike_ratio,r2
1.102792227171965,1.4295352706152074,0.37
2.3978952727983707,2.806475813631346,0.37
3.233606873508874,2.652191289426934,0.37
3.3708294404624195,3.7000437020838004,0.37
2.20296044211867,2.9293870923102894,0.37
2.9716210254158746,3.279555848125014,0.37
3.171805111827607,2.4175379879257846,0.37
0.655122513561839,1.7741624661892146,0.37
2.4528117366606663,3.490481853317209,0.37
4.909363692719062,4.505301644909101,0.37
4.674775416070703,3.3755704394915034,0.37
3.4305037842497805,3.3578141522539746,0.37
3.721941929959197,3.5505210516327392,0.37
3.633028763925128,3.999155326134853,0.37
-0.6061358035703156,2.7050206287657534,0.37
5.14418331168649,3.009258060384336,0.37
-0.431272992064037,2.6297876480296436,0.37
4.062572654012146,3.508780838513153,0.37
3.664213430412131,3.557270651014532,0.37
4.567038267028224,2.6344418694441676,0.37
2.8388204322854045,3.144507449207675,0.37
3.736096053835938,2.9753252053105266,0.37
3.425451750143548,2.8953751167413997,0.37
3.2084956057079266,2.70665658278477,0.37
1.658235699280998,3.3105072906185877,0.37
1.8434858654594222,1.831324124710424,0.37
2.676993016084371,3.3359200173445234,0.37
4.161902713233392,3.979509600002613,0.37
3.805893344847836,2.7417246106709245,0.37
3.801151802238579,3.803554255874454,0.37
2.9453780521826376,4.108539052491075,0.37
4.81289106918275,2.847076671755983,0.37
3.8594529792999803,3.113896035713509,0.37
3.3295944845975733,3.594992765077891,0.37
3.4489348827446293,2.7857277599731107,0.37
3.4982213579442147,2.804088061827635,0.37
0.8181525687935312,2.83168773254572,0.37
4.257062643334658,4.435770205825403,0.37
4.87695973654681,3.7942335418489432,0.37
2.2109000479963106,2.9957716249694744,0.37
4.441068262039444,3.5594756124063065,0.37
4.341297828931259,3.8892994898554125,0.37
4.12372007959598,3.3878474751981926,0.37
3.1245720092153704,2.1437994910688998,0.37
4.572477803249252,4.319790712666963,0.37
3.468703978760931,3.665869558866707,0.37
2.387664646112733,1.567737266902418,0.37
2.1877843315974963,3.565940102583023,0.37
2.048399000680925,2.771813323911154,0.37
3.5392163140981054,2.937620718808586,0.37
2.475665925133185,2.630983475889307,0.37
2.9918331530976645,3.279411402056323,0.37
1.797045825151203,2.681178153817492,0.37
5.187385805840755,3.3830444736861085,0.37
3.7781911539991655,3.6383852756973147,0.37
3.4167015681981208,3.551121916438318,0.37
2.8807766455413284,1.2200999566962358,0.37
4.164659904676438,3.3301039591123396,0.37
4.019318875340037,2.867058400110245,0.37
3.175587904461092,3.0880340853537347,0.37
2.9808066233373154,2.498433161648363,0.37
-0.9131851393160019,0.7940007976923079,0.37
4.354155328004695,4.127542471831007,0.37
3.780218419962594,3.5323322362544194,0.37
5.6651676385284215,2.510930442197556,0.37
1.8600681432321529,3.431196825151663,0.37
4.341195470510646,3.496470973823662,0.37
4.721242357240845,4.309036378765253,0.37
2.6974753950321433,3.544829177421951,0.37
4.415014394616708,3.7291392203490448,0.37
1.4841266103569255,1.3243604356060912,0.37
3.8645763544820815,3.9140507990160245,0.37
3.7324658549987992,4.019331157013018,0.37
2.452581312189285,2.7414386871177236,0.37
2.6871047108419437,2.625053704155783,0.37
3.794933102015759,4.020331480461321,0.37
2.783717396246926,3.141482158713205,0.37
2.822512031006382,2.12379225587565,0.37
2.510390373211102,3.405805034980708,0.37
2.1652060619174525,2.8980917410463,0.37
1.5480270496660886,1.4154471601647456,0.37
2.7020513828729564,2.1093846678351618,0.37
3.1135153092103742,3.2606264467881987,0.37
3.56953269648137,2.8676178483968524,0.37
0.7224747956544653,2.340771421589294,0.37
5.155773629659557,4.459118470186183,0.37
4.06443748505417,3.8681108832187827,0.37
2.011420603212671,2.849215583380887,0.37
2.7100144764867173,2.318035783865531,0.37
3.295314215230745,3.1559129813713596,0.37
2.442919815249197,3.1230202020923716,0.37
2.9988024077768594,2.7823950703293296,0.37
4.141186463804853,3.701389068613978,0.37
4.036992683162844,3.6941665649916087,0.37
3.093411022618825,3.0827150281791242,0.37
3.165461779470407,3.122611063827222,0.37
2.3723013628959784,3.041660095655303,0.37
2.128419164843162,2.139754419980123,0.37
3.3933721712979885,3.4381474828151597,0.37
4.140872603773508,3.3461828074374464,0.37
2.6052789230662645,2.834939121057546,0.37
3.0506208281085447,3.2944424546843663,0.37
3.0351575484344866,3.3141762355136164,0.37
3.3136348886486564,3.404491544981164,0.37
2.825867978149778,2.9042448809280255,0.37
3.9413759734582903,3.6985895288456248,0.37
4.812989580431583,4.402273090154872,0.37
3.502369421875739,3.253883741093061,0.37
0.7753661676560774,1.635388701576472,0.37
3.248215609039879,4.004887745180607,0.37
1.7315876434347515,3.0545937134793064,0.37
3.439400492334948,4.048305223763927,0.37
1.1700712526502546,1.4194121453903472,0.37
3.1588534065592513,4.235106331235679,0.37
1.738401134496276,2.289560591833532,0.37
2.676219238401599,2.478192026741852,0.37
3.331572291672591,3.3060533737400677,0.37
3.9367156180185177,3.298332786210872,0.37
2.582978456427695,2.7350175369125833,0.37
4.409912233108047,4.201409493075627,0.37
4.21418082453363,3.994041669836269,0.37
1.15769540408618,2.7050206287657534,0.37
2.6331097586902623,3.0298574772679787,0.37
-0.3617567961564643,2.1935537693841693,0.37
0.7094327087963662,1.0360932355193158,0.37
3.3906152723316185,2.8475628382190945,0.37
2.5501967189864985,2.6893465385710837,0.37
0.6826128468749859,2.9511098178816564,0.37
4.618289711305468,4.153378029523814,0.37
3.966696759419562,3.0865792851386864,0.37
3.828417705913234,4.144445174081856,0.37
3.3148711373214264,3.1162036338768067,0.37
0.5596157879354227,2.7050206287657534,0.37
3.909378382461295,3.3733095552214234,0.37
2.03688192726104,3.113096557317431,0.37
3.5129643234299905,4.333030619716866,0.37
1.291415122929647,1.907769384689518,0.37
2.9434151581774115,2.728455858312625,0.37
3.851027914207959,3.7502924887867826,0.37
3.68491341197703,3.0526813409581157,0.37
4.6885307420739535,3.1273861764152264,0.37
1.8052893214603025,2.637952826050993,0.37
4.626793445182143,3.7959245920068754,0.37
3.054426638376189,2.558889770979585,0.37
1.1771802873293609,1.4687759461931889,0.37
2.1840690136982626,2.7321728192618697,0.37
4.896261931848867,5.323479392080387,0.37
3.020389690367852,3.3966848399046214,0.37
1.4745879524615144,2.63964642222038,0.37
2.4553361924668806,2.9268871581674047,0.37
1.2499017362143359,1.8949273324490519,0.37
3.389341678057537,3.384989386354697,0.37
2.6568114618757863,2.785582490450895,0.37
2.928887952622496,2.570516776634898,0.37
3.9014449301840783,3.6850999812532086,0.37
3.437166857402526,3.042931856481707,0.37
3.0148411352520377,2.7049245591158058,0.37
4.045935720688788,3.811373810413964,0.37
3.2112986317321512,2.286280992357256,0.37
3.3289170979919196,3.7179297658899237,0.37
2.731047973438525,4.23149809764992,0.37
3.5575087567826844,3.7671514596135958,0.37
3.3343428450096915,2.487671285246131,0.37
5.0364548918718,3.1479670374845488,0.37
1.6317638337085152,3.685907284191382,0.37
2.0260287122946576,1.4573993857415055,0.37
2.0390067351836274,3.352648082608504,0.37
2.8106373741599335,3.1553768119857453,0.37
4.181998276277239,4.179236405947306,0.37
4.200822225147651,2.527648088837748,0.37
2.8395804838089815,2.850655369225246,0.37
2.2740420537603074,2.01846369506585,0.37
0.06285550415527814,1.0517552808485762,0.37
4.678990272708242,3.8638570156333722,0.37
3.352701291895666,2.950825398871229,0.37
3.821205814907281,3.4861153761292636,0.37
4.768720162721309,3.1660301806226725,0.37
3.167548941672438,3.530565156034717,0.37
4.3980331842262315,3.7143730726128275,0.37
3.038237061908462,2.6640923103123764,0.37
4.277026804322039,3.7784277801056243,0.37
4.982060596894235,4.529377850067965,0.37
4.353284165808228,3.613507060899835,0.37
3.1875002271585635,3.2484556456694285,0.37
3.0902833632178703,3.6920630744109855,0.37
2.6947123280671756,2.717500947477516,0.37
2.9623095344323462,2.8187929929553457,0.37
2.9081946355145023,3.555540172580611,0.37
3.2915209335387603,3.6272705292829626,0.37
3.7801708743233435,3.705918958032918,0.37
3.9371222080185664,3.8585637321544004,0.37
4.220089165231468,3.205467227698515,0.37
4.394093009961319,3.4240933122972486,0.37
2.904369086475812,3.291616245476656,0.37
3.226722014176736,3.1551085271282613,0.37
3.6420780136013917,3.329264627156073,0.37
4.8306519684291285,3.902395267938201,0.37
-1.0702523579150482,3.2474311198158303,0.37
1.2444742544110567,0.6503747947607289,0.37
3.0521506034374353,2.974402733384441,0.37
2.9075225740722526,3.793498193628324,0.37
3.8454159141890174,4.125329152392881,0.37
2.5941059417529924,2.423434618529558,0.37
4.761118191456452,3.929891770606656,0.37
4.592776206193134,4.268525927289743,0.37
3.2193236529097202,3.190282635118215,0.37
1.4715114937564804,3.5572645162577676,0.37
3.8704170893680225,3.42718203765465,0.37
4.2893739252504,3.427403168812156,0.37
2.9406063591907565,3.689174218611311,0.37
3.186440549115047,3.5645518943314127,0.37
3.049616411704019,3.4470344047636794,0.37
3.395610412644163,3.21450239227991,0.37
3.5273191442773655,3.4572905969452083,0.37
1.8754180481176372,0.46976879220978146,0.37
4.083973260601673,3.7306057194030564,0.37
4.084926482025599,4.187902868025687,0.37
1.9297393410559982,1.6304430806398513,0.37
3.620976414076808,3.8314277730161477,0.37
2.956726038909124,3.183444168302103,0.37
-0.6805683983530851,2.6880884273182457,0.37
2.098995282152834,2.9978084781267573,0.37
4.377851263263401,3.3367259595979797,0.37
2.2519577992971134,3.40597275970764,0.37
4.7710279438178285,4.364802512587977,0.37
3.6895185604442604,4.002752103969724,0.37
4.34737310664526,4.362190584449466,0.37
3.3816379680303776,2.84659421903345,0.37
3.911082537806022,3.9089343484009333,0.37
3.027268311516915,2.9940882017558166,0.37
3.624536035893773,2.677915710642274,0.37
1.1932381391878673,1.7573472176382343,0.37
3.1264547138700114,3.1489309977596833,0.37
2.250094910372649,2.387612905143572,0.37
3.565204092752715,3.738063019497985,0.37
3.0763583654025415,3.7869105191117063,0.37
2.580216829592325,1.0477267711439016,0.37
3.222809512336191,2.9991432922933083,0.37
4.149568262702056,3.295413274494347,0.37
1.4545211734927053,2.6340263314650354,0.37
4.571094573695361,4.047685957455785,0.37
3.471894982442705,3.041025866068244,0.37
4.9377146284516815,3.6598528247185915,0.37
3.162278058468835,3.474216537793461,0.37
2.9696974621505645,3.0577684465110706,0.37
1.2487965042296176,3.173931217568739,0.37
4.606354318749308,3.700063706579189,0.37
1.9459598891632597,2.0893802947335414,0.37
1.4984657266116146,1.6929686083789464,0.37
3.7206718225311315,3.423409612039249,0.37
4.166885982476599,2.691406180971575,0.37
3.929722582527547,3.627840774970765,0.37
3.167096582467524,2.5684724891988617,0.37
4.363450249100946,3.591382889504992,0.37
3.276178031390384,3.718529998218508,0.37
0.5968619722400459,2.975260334051756,0.37
2.8111938638603173,3.0060312611897593,0.37
3.9168998728894087,4.486662919275241,0.37
1.3507215432936668,2.214182567334401,0.37
2.7742159187639124,2.860964407602518,0.37
1.8068871462496212,2.406866490766215,0.37
3.1348698836148468,2.666610956122277,0.37
2.4720032449520923,1.7815739009571723,0.37
4.670680811010152,3.1609874274895615,0.37
4.2698972299423605,3.6677948315083624,0.37
4.7111063946815035,4.13007818642654,0.37
5.130302231679623,4.746530990200478,0.37
3.2805500018951705,3.614193735605879,0.37
3.497679313369443,3.9358240753232137,0.37
1.892531159057902,2.553869536367838,0.37
4.624972813284271,3.4874757512069574,0.37
3.2723608333418404,2.876298498986119,0.37
2.101439789074955,1.549887015199997,0.37
2.0091832718694778,3.3159664908838384,0.37
4.065304188447544,3.8361921674892856,0.37
2.4623005539787064,2.9026234387039667,0.37
3.1188245201351146,3.1602721918112815,0.37
-0.7088603296077071,2.2546834764667834,0.37
2.2572554972726997,2.144199311396759,0.37
2.0571980496969164,2.0456586359749322,0.37
4.112982575724834,4.024175624045058,0.37
1.7032573630948526,4.283662984376651,0.37
3.998960415185226,3.253596616545116,0.37
2.650411623574954,3.3075322200537083,0.37
1.824992543323879,1.526956426860183,0.37
3.8910204047204235,2.499383321861485,0.37
2.50283276211352,3.0280647507482374,0.37
2.632819978970985,2.450983578523642,0.37
2.1463044869089623,1.0611095084914814,0.37
4.16734648074709,3.9328208110580385,0.37
5.59282695858602,4.857569379242047,0.37
1.5859569997180079,3.1196054200784755,0.37
1.0185695809945732,1.1165674996964001,0.37
1.9459101490553132,2.8547830058350767,0.37
2.8971712012850883,2.9682208624195083,0.37
5.298352482988303,4.47561763013392,0.37
2.7321821475450174,2.9146397302541995,0.37
4.623548514510517,4.2027326799197615,0.37
1.992430164690206,3.9668835999697376,0.37
1.8718021769015913,3.225280380995647,0.37
2.4213933208700915,2.431525818819266,0.37
5.617972749508213,4.842275363364982,0.37
4.032677730827222,3.3457376650446755,0.37
4.242111505253128,3.4750293945229638,0.37
2.1438925509791504,3.486019780164968,0.37
3.4468778609671853,3.2460239521722616,0.37
4.248302904303686,3.5089604207896326,0.37
3.389869303865498,3.394223380959013,0.37
5.025195445427586,3.2120305742257305,0.37
3.2945903417274756,3.052089380734209,0.37
5.478724523741862,5.261275854664263,0.37
5.281805454457512,3.5866919035325435,0.37
1.8605990722650168,2.6269242444320047,0.37
3.108342749510544,3.7280447599766458,0.37
3.6480897063807043,3.5104028452952805,0.37
3.628348954373904,3.3141762355136164,0.37
3.15031466389736,2.6185705192926085,0.37
3.128690737129698,4.053201022806691,0.37
4.302096460562811,3.4570499036316287,0.37
4.274014042288992,2.5264170329751674,0.37
3.219356903821428,3.7951152159229538,0.37
-0.7113877651681134,1.678274480166779,0.37
4.247738710830769,3.753641495606281,0.37
2.304028774003037,2.9268837149126696,0.37
2.1007773389581454,2.10051239203279,0.37
0.5814538185936728,2.1783150521410257,0.37
1.9933878737366735,2.876638240111451,0.37
3.816777600853796,3.5804718633366974,0.37
3.459557954842081,3.909845314129763,0.37
4.919914207186788,3.9986222901028765,0.37
1.3217558399823195,2.4586107827824084,0.37
0.11557309000558068,3.0000801564461095,0.37
3.8933271895797468,3.545556535889653,0.37
4.074529276617957,3.2240073607623048,0.37
2.8977518651937872,3.4938908384898673,0.37
3.312225567808991,3.9149202666044007,0.37
3.36200057020556,4.052129351744254,0.37
3.7313093262373425,3.6652656316324927,0.37
4.0136923475851445,4.300749372410344,0.37
4.6677132841969975,4.40421920849607,0.37
4.762618478036906,3.551126164905711,0.37
2.641466843116667,2.62469218687962,0.37
2.1830665950745525,2.8737537796420454,0.37
-3.063554869892752,3.744478897066345,0.37
3.291799105363348,2.820811817390827,0.37
1.8483440058178375,1.972614432824099,0.37
-0.8207527356888471,2.9460924474014654,0.37
2.6649342357880617,2.7607881937885352,0.37
2.3187154992511894,2.615821927939086,0.37
4.7276029972574865,1.7915275215168143,0.37
2.3573860871378156,3.1891090291753996,0.37
2.530939786241634,2.8754430996819007,0.37
2.4073077672248435,2.9025368372781455,0.37
3.688464034155892,3.7477829693502698,0.37
5.007927880741,3.6800622833790255,0.37
1.7873539162977732,3.5085976260656913,0.37
4.0887479134953395,3.3526292142908813,0.37
3.1823662719062056,3.5364039494901727,0.37
3.8215391770805973,4.410370397846649,0.37
3.980184642646708,3.203914683120819,0.37
2.93389527375244,4.5785814708850285,0.37
4.793397451445364,3.215780234389274,0.37
3.41060226821975,3.9049938843642598,0.37
3.3567305606808224,3.2712574294908365,0.37
2.3523009688704084,3.2135754857680783,0.37
3.8580946634025906,3.5660601117649517,0.37
2.4523180192257956,2.521372487170965,0.37
3.4150356769230545,3.3746175691873543,0.37
2.0802559742263926,2.9776289679943413,0.37
4.118967860789272,3.8728374418848013,0.37
1.1631508098056809,2.292542831592512,0.37
1.9320549908976117,3.8457318384913854,0.37
4.075504920892757,3.7785790308512266,0.37
3.9387377712532543,2.8404585974877965,0.37
4.161508839772833,2.1128015122489647,0.37
4.014743676122956,2.8421436482107585,0.37
3.9908761947163125,3.9668162268502267,0.37
1.4399365657043348,3.166502246351651,0.37
1.5677194588668082,3.3721220803731016,0.37
0.8050082608208651,1.722684855268318,0.37
3.0333680209050757,2.588711720268059,0.37
3.353597828021492,4.226649466804746,0.37
4.482331957514334,4.143124566185558,0.37
3.244966401521526,3.2528871976589664,0.37
2.7266790209357032,2.6593542803788752,0.37
3.3664807711800213,3.116043939060947,0.37
4.507308366421386,2.660852552745902,0.37
4.49640251200865,3.1841241672479157,0.37
4.887128318622001,3.4901802121420786,0.37
4.159907148989363,2.861278647972412,0.37
4.411657752645937,2.7815032290540014,0.37
3.1213780864110934,3.39426335481792,0.37
1.9511103687824207,2.897965542990688,0.37
1.7457222888108859,2.30166931410987,0.37
3.425412285925552,2.77396803036067,0.37
5.61458689585173,3.6327963191083623,0.37
4.507772462927088,3.689833936665292,0.37
4.718946053114279,4.423564998242907,0.37
3.8606590621303254,3.4167789742243424,0.37
4.571172844284079,3.5140620724857476,0.37
2.4223058455197077,2.7006852341488248,0.37
3.237828089841456,3.8619276348812672,0.37
3.821368637160015,3.262501241752882,0.37
2.8361211681464167,2.656348366576332,0.37
2.711685967791098,3.5954498890418183,0.37
1.570293025789803,2.634016414202661,0.37
4.477406367599431,4.001175609052386,0.37
1.5512766218375365,2.642622297964215,0.37
3.5702927537032147,4.095567731999562,0.37
1.764181408424876,1.500848214133959,0.37
4.544829577999209,4.066102146777425,0.37
4.019205894306116,3.581937516032846,0.37
4.271949425427273,3.3270351537611527,0.37
4.035447690180938,3.0330102573420583,0.37
2.7590534899992285,3.507465007102303,0.37
3.6429486767915336,3.636727202446842,0.37
3.5262090622466973,3.331156779471766,0.37
2.9006738419791134,3.1054464039229575,0.37
3.5632479207014636,3.0336719437562554,0.37
3.6175477249632526,2.9494177541121185,0.37
-0.025872524630767932,2.5444217742690545,0.37
2.1340883208912653,3.548079781587065,0.37
2.3440775848557323,2.9565323991746038,0.37
4.483806096707607,4.259655603894973,0.37
2.806889499769771,3.187837067782215,0.37
3.1273086313427103,3.1403630306228223,0.37
4.48345880988215,4.2714503067613885,0.37
4.159593058540365,3.188546523386166,0.37
3.1475588261171574,3.01313359388894,0.37
2.955439844033257,3.768919702580651,0.37
3.5043005316039935,3.319047170778386,0.37
4.178335509286487,3.4340246872075757,0.37
1.4576531099007,3.0695532869891,0.37
3.1516523434034758,3.372054241513431,0.37
3.8588703984504122,3.1536889771312295,0.37
4.153584142265874,3.7883520147694956,0.37
1.2472919481298639,3.148313283875464,0.37
2.874534322797538,3.02205654263059,0.37
3.320825483681059,2.7626521278131704,0.37
4.55891390082219,4.375223365730856,0.37
4.944550810505262,3.5280502082307197,0.37
2.5409103107045117,3.00712078922561,0.37
5.277382286989951,3.6056146369613473,0.37
2.187224494001636,1.9465495285278087,0.37
3.091453891339845,3.0501677394424007,0.37
4.642528123067183,3.3338122051735732,0.37
1.61049705083142,2.313267316350298,0.37
3.328293352566898,3.720189012016152,0.37
1.4802288742146137,2.602656991090419,0.37
1.5014567877720355,1.5189829890152724,0.37
2.9434696553364095,4.0825281609456265,0.37
1.6094379124341003,2.4766170078563774,0.37
4.389256533416733,3.4464233357652794,0.37
4.3965242097403685,3.213393909940763,0.37
3.525114114420763,2.944519154359355,0.37
3.9889840465642745,2.261608236748604,0.37
2.8342494755303718,3.35122606418225,0.37
4.780800304314485,3.8782265424088216,0.37
4.110967536600901,3.538663943685495,0.37
3.403365234869997,3.2479797698055575,0.37
1.9459101490553132,3.138073138086757,0.37
4.832612178062516,3.466574986172546,0.37
2.4358654500957235,3.1079172079227093,0.37
3.99340501236228,3.670681548372613,0.37
5.551603652510481,4.76783274145724,0.37
2.177197457952443,1.2710413678259957,0.37
4.103980526521281,4.154985170262842,0.37
3.375352842035453,3.2720900402511526,0.37
1.5572016665386796,2.0484250424865653,0.37
4.3646790449964366,3.1494927189911377,0.37
3.5421311900162196,3.3878913232109444,0.37
2.0893777483389657,1.2011158135084674,0.37
1.1290464579530899,2.4291650278996384,0.37
3.3912391237066206,3.2537834762514057,0.37
3.8501883882178873,3.354883186782826,0.37
4.901187475436302,3.191107347323034,0.37
3.7145786409769586,3.3265145517355634,0.37
3.607631781841057,3.5960293449495575,0.37
1.3862943611198906,3.2040978950591548,0.37
4.361494709246393,2.946398011080558,0.37
3.4629894485744943,3.5932237202499953,0.37
3.5320042648150793,3.644929081404733,0.37
3.607664454184878,2.9163296725626577,0.37
4.043777695865852,4.236932567102058,0.37
3.6011808303197252,3.3888055524291825,0.37
5.28914499387648,3.436042847679999,0.37
3.89495693586287,2.4323117818766464,0.37
1.5040773967762742,2.2057786888525306,0.37
3.3319080821309406,3.3311637903392866,0.37
4.617817147688859,2.6985817281209106,0.37
3.1263408339426624,3.060025043845863,0.37
4.602323942240831,3.6361956337639354,0.37
2.0951508353850157,2.2638099298155856,0.37
3.732338031190435,2.8225209795466437,0.37
3.2122582321409876,2.415565724059296,0.37
4.163392970467349,3.9795829745908176,0.37
2.644553660919371,3.646128418357094,0.37
2.7068953255116237,1.1171884302553505,0.37
2.950594086636672,3.84926042305476,0.37
4.813702741863108,4.265147985196122,0.37
3.7580908434225977,4.261334389363199,0.37
4.153329090582859,3.7345215648708887,0.37
4.166452819382917,3.3877972171044535,0.37
2.935884084339783,2.673798243000374,0.37
2.419807482076021,2.9026234387039667,0.37
4.594553277881474,4.109924394863681,0.37
3.3394143609641347,4.055036680691389,0.37
3.1544205295639762,3.8177046322771426,0.37
4.216407255022595,3.1935545898758817,0.37
3.823491237748622,3.163125587658618,0.37
3.2324210010476015,3.3115396734429394,0.37
4.585504391435148,3.455395216410247,0.37
3.384545420862174,3.39739367877069,0.37
-0.15257958759521706,1.1414122084167626,0.37
1.648529126982254,3.3153916765842704,0.37
3.6847040827034556,3.3728198776996265,0.37
4.819112279488774,4.109735699805741,0.37
4.23863536705901,3.9181943451381054,0.37
5.0877944584075925,3.5550239803879435,0.37
3.8161928546210135,3.6270244857855847,0.37
2.062643556177112,2.9309165249749998,0.37
2.5901267061436783,3.7631111712731498,0.37
4.453642326185538,3.946657893251576,0.37
3.215265712644101,3.4404894699659203,0.37
1.8241761007522497,2.1406333686142216,0.37
4.994208878785062,3.6482522843078558,0.37
3.491690209717436,2.7259241662783076,0.37
1.2065336251876098,1.223328001849497,0.37
3.420757907516649,3.7368208902112707,0.37
4.319685748131463,3.6203113242882243,0.37
3.7196312417437194,2.99446305675828,0.37
0.9212610164802949,2.6201408275446196,0.37
3.233750906483811,3.536948365056366,0.37
2.924762340743537,3.1289252676347608,0.37
4.770941331339442,3.9154771105126223,0.37
2.0178497450184514,3.767006234715324,0.37
3.259864987610468,3.431782180461912,0.37
3.1654714612182886,3.529343641479834,0.37
3.8471860743034085,3.3810926984406278,0.37
2.46080909820894,2.860516227226339,0.37
2.5308229668405513,2.9451267167881543,0.37
1.896752270228309,2.8237174861340093,0.37
3.3862020689154657,2.7137767773505774,0.37
1.5967365798168833,2.9154984277956615,0.37
2.603496462414324,3.1294194551451207,0.37
2.3607503258289335,3.2366590477136303,0.37
3.70559935932504,2.576615592336699,0.37
3.924779231197406,2.758253309031893,0.37
3.9811308584841325,4.091358709779379,0.37
2.3877397155404445,3.8345488958885943,0.37
3.7941363756404725,3.124061507485569,0.37
2.30880895684491,2.8990706113221254,0.37
5.201944121890447,3.41351039521741,0.37
1.037203660539466,1.1616214508216212,0.37
0.4206471815796599,2.9485001902840713,0.37
2.3978952727983707,3.31363328543144,0.37
4.441081862825914,3.347633282864964,0.37
5.543015556437195,3.822643693509629,0.37
4.17629812496135,3.2661914381171493,0.37
3.0297064606988333,2.9972220666823213,0.37
3.695324865100851,3.3913809977938585,0.37
2.150175321149148,2.29009093695327,0.37
4.028580443452346,3.7381780465891143,0.37
5.038250461129229,4.094775124843495,0.37
3.112050779671257,2.8011906127874124,0.37
3.81242619448707,3.371815789667162,0.37
3.7158630367862493,3.60496987773052,0.37
3.173315949407707,2.9483585847692573,0.37
5.23829354734761,3.9894346174189725,0.37
4.109612034352889,3.4493147258978167,0.37
3.4201853295275066,3.511750447519144,0.37
4.278987366569768,3.89682139165674,0.37
3.180792307641249,3.6065360656412,0.37
3.8003707729692393,3.365506301203659,0.37
2.2128858831617575,3.9124546361860335,0.37
5.265554329080601,3.7972847162349277,0.37
3.9435216724875173,3.2391659996419526,0.37
2.874579963604882,3.050527580402248,0.37
3.665224687051568,3.3860072735284903,0.37
1.8545524146694967,3.3540520645687235,0.37
2.946655004220327,3.8252023637078256,0.37
3.552202953211156,3.3913521430878353,0.37
5.377547860364579,4.223646217429299,0.37
5.497695681510741,4.923627652859997,0.37
4.0147532664358545,3.5744927165715534,0.37
1.9368580874422445,1.7198936715764186,0.37
4.171595446077959,2.9306568425686166,0.37
4.23219774280376,3.4688038559707524,0.37
2.102766214246245,2.69053527431135,0.37
4.370023060995967,3.9226701705381606,0.37
4.9542587182288464,3.722868253414079,0.37
3.7758162074738584,3.1120507734650236,0.37
4.106683451133561,3.84530064273157,0.37
3.3269423765908277,3.1476536785614044,0.37
4.681932164221563,2.9351512708756493,0.37
3.859012819590563,3.4954061044139197,0.37
3.6493720807168044,3.0353094294108707,0.37
4.948759890378168,2.995574887410852,0.37
5.395084460523593,3.5908703002759057,0.37
1.2079253786417592,3.2911674679545286,0.37
1.3151327700590947,1.1107857865119106,0.37
3.6863135465909007,3.976990350742232,0.37
3.484261863235563,3.3406198966679193,0.37
3.3543995760716494,2.6390667699148715,0.37
1.4900773095225268,1.3245609553687858,0.37
3.9891350644834183,1.322046594881058,0.37
2.8139270753697745,2.4624550207991898,0.37
4.218151319271518,3.454980134134619,0.37
2.5645956255866067,2.910017054453313,0.37
2.9444389791664403,2.6602806936566865,0.37
6.016577592750584,3.559077424512377,0.37
1.8211023945388738,2.586970852902372,0.37
2.20760480800702,1.9137702637117067,0.37
4.237306846010308,3.552318303210276,0.37
3.2394715185402814,3.332281253150575,0.37
3.775307863783481,3.3999336061904875,0.37
2.963396296210866,3.422668328317179,0.37
1.7952049231711853,2.65529563711282,0.37
3.754191438032866,4.042571911290929,0.37
4.0061874376466395,3.4490105771347497,0.37
3.5365666722493487,3.119300362281225,0.37
-0.6594812418900039,2.0390534824038284,0.37
2.1840722824276804,2.8486905087211265,0.37
2.66763116545682,3.8388152812452403,0.37
2.480682154445052,3.2415768964002254,0.37
3.253491569683868,3.3867831032967355,0.37
2.190710860745387,2.6719223175297153,0.37
3.4658667568845236,2.7947962646772506,0.37
3.1068765243415037,3.313996774370818,0.37
3.4368068756829926,2.0922692537872174,0.37
3.0955505052971954,3.8850857460792203,0.37
2.6855773452501515,2.9643475593059194,0.37
3.952498994149352,3.160681490577229,0.37
3.062012305269785,3.605160192739432,0.37
3.078354660721269,3.319072657992208,0.37
4.1302372300973085,3.7562249143145072,0.37
4.042698919428805,2.8016597993982013,0.37
3.2773792977917777,3.0630215945968713,0.37
3.7760139638521326,3.714837250488859,0.37
2.1560821036416047,1.624414984948379,0.37
4.134931672228639,3.3472056063840068,0.37
2.3676426901879126,3.430954894252335,0.37
1.9027991532335051,3.6415200451527796,0.37
2.866843872035024,3.679649170769105,0.37
2.9831395350999657,2.953820851887143,0.37
4.085248370053205,3.7314612787677266,0.37
3.4807007516997865,3.030008518862434,0.37
5.753346617192242,4.877099452126,0.37
4.651290121601645,3.887217518813972,0.37
1.9200436247878183,1.7519287612454162,0.37
4.977090640178798,3.5391135827542652,0.37
4.100615427136535,2.6484010171244505,0.37
2.5319577775971984,3.1587635025573237,0.37
4.617665088455646,3.7666624129043953,0.37
4.006210220487847,3.5721721377040163,0.37
1.7003937058573397,1.1433385923124406,0.37
3.7389080085345148,3.403272222387007,0.37
2.1071782966514356,1.7295668740820767,0.37
3.7358656776090284,3.2459979871745257,0.37
1.204793594770987,2.0348836207785927,0.37
2.3621875484666672,1.80794036757293,0.37
2.4920241175568645,3.7126745493332676,0.37
3.1596464556491006,3.760244692240254,0.37
2.6386654505501506,3.1306892103304773,0.37
4.746999255478063,3.1319638065509903,0.37
4.137941522317978,3.555433985594865,0.37
2.481105231084162,3.075666462572731,0.37
3.850408160072774,4.194639744741126,0.37
3.7151264999268663,3.320509698505483,0.37
3.2459377740760647,4.076079497677091,0.37
3.82077381506863,3.424939724445008,0.37
2.9318185571852617,2.7956790309828783,0.37
1.0877307884805756,1.2850767358714725,0.37
1.1904618977708936,3.1079460495641813,0.37
2.5689459699780914,2.911837162273066,0.37
3.280317909659196,2.772475768000346,0.37
2.956352511608543,2.812248230009861,0.37
3.5078555294036455,3.3164857389239613,0.37
3.469101621946596,3.3477916797285316,0.37
5.14977932167646,3.245554702797076,0.37
4.139879692801721,4.217778928296779,0.37
4.028373674294918,3.379477861311279,0.37
1.1857630530503755,3.35418515824605,0.37
3.204602861656462,2.951327920432449,0.37
1.1260342085225263,2.5590961421703007,0.37
-0.07451489589127973,3.59355051721485,0.37
1.142261053337123,1.7112110420957511,0.37
3.769219294459396,3.9463525602321763,0.37
3.661874322131333,3.0283514308205617,0.37
3.5467673217050324,3.4117035442702757,0.37
4.093091564698318,3.551238056850756,0.37
2.6406981421586173,2.9985373971269498,0.37
4.489648934829931,3.1823208287509863,0.37
2.491242468237086,3.388013567272999,0.37
3.1365230622974103,3.4831343076229913,0.37
2.8917011665052126,1.8019348337813998,0.37
3.0057857906328613,3.180282690152877,0.37
2.6371712519992068,2.6861096584764605,0.37
1.5930608831527777,2.3668316109216025,0.37
0.9439376476825985,1.9756933000662142,0.37
4.4251181900204175,3.7765852565037052,0.37
4.685780051510912,3.9642366983033646,0.37
4.992414299669741,3.236938555466685,0.37
2.3701048346641804,2.9184379637763063,0.37
2.300035155360773,2.654997387246517,0.37
3.1796551117149194,3.088754695054523,0.37
0.6931471805599453,2.7539822656183395,0.37
2.9641285447960577,3.3741058410740576,0.37
1.9515501167026914,2.572816948681775,0.37
2.492538143317163,2.906106329843054,0.37
3.931217282178388,3.3883052955875956,0.37
2.5850960043063727,2.8627162347973876,0.37
0.9147517476852532,2.555916365409228,0.37
3.9180856102168353,3.4318894823693835,0.37
2.9363621068908503,3.6018744160491845,0.37
1.108774038927609,4.066078161156277,0.37
5.281249458035889,3.9363274353637445,0.37
2.5905911870192404,2.9294828871415923,0.37
3.7524409356036807,2.9884174298975514,0.37
2.6845263730041764,3.0485971564760566,0.37
2.6194332578056705,2.931856831038032,0.37
3.6977709408557984,3.730436464446797,0.37
2.6110824751543356,2.87526378179472,0.37
3.707654345835824,3.730115432611596,0.37
2.3630712249087362,2.708927314561673,0.37
3.7342951224858334,3.7840193208183837,0.37
4.474378483059923,3.142966348769621,0.37
2.457833200764251,0.9847015070351999,0.37
4.477897691186326,3.521304627459817,0.37
4.436751534363128,3.2400972655077553,0.37
4.154278508860375,3.702548179943051,0.37
4.314386177259774,1.9712226358836737,0.37
4.302216795778396,2.6118266977937292,0.37
3.6409250214304643,3.563939155014297,0.37
3.3012184836894134,3.716431374137572,0.37
2.4503570907123287,2.164064789963446,0.37
4.388714886473832,3.0965423636945792,0.37
0.7554402117559074,1.069049770080948,0.37
1.8165641211874541,3.070314618860937,0.37
2.9288107659966864,3.774170103026371,0.37
3.483721711686256,3.511525640100557,0.37
4.01264805707646,3.8884917843099416,0.37
3.4424898537257866,3.707828017708608,0.37
4.079019396119355,3.5269086122582296,0.37
2.3955714917371855,2.7997942539082645,0.37
1.2689721614657754,0.41743327830751953,0.37
1.3426737386440002,2.9936434701524965,0.37
2.5108422706179687,2.142214447587021,0.37
3.8119853507109425,1.6759310240663599,0.37
1.3911993492563115,2.2085986712526418,0.37
2.436659816248615,2.71472894618177,0.37
2.579707517692005,2.8840446138761395,0.37
2.3002013016387695,3.804024388386071,0.37
2.765910705506092,2.403240262742641,0.37
2.2155737160044158,2.9114943095573573,0.37
4.217596411576875,3.678758661303212,0.37
2.738666364177926,3.2968648119060693,0.37
3.468859252733019,3.6622142138357816,0.37
1.9339339580085977,3.564830892831579,0.37
1.7450003735719406,2.808722531446859,0.37
2.734647513621476,2.9739953792389526,0.37
3.7330032542396037,3.7766808427015084,0.37
3.5129967375868714,2.799966723661087,0.37
4.00535655317524,3.099657371843781,0.37
4.70097274284135,4.098674625706852,0.37
3.4524321779827627,3.5379419461457027,0.37
4.100533584595808,4.2272855975575245,0.37
2.1244526235269787,1.4065667259430235,0.37
4.104684704697375,2.946271284037207,0.37
2.696192072294964,3.704658714563186,0.37
3.321924141402849,3.53019737476519,0.37
2.7962827969665547,2.5298957212940025,0.37
1.1555221314285817,3.6899886438877814,0.37
4.562618585963147,3.3121252552798865,0.37
2.784433156690715,3.2387180726442044,0.37
3.492503552113098,4.260690470866905,0.37
0.9430070631298572,1.855308975449897,0.37
4.411748837964439,3.901604584452342,0.37
2.139361441832151,1.9833255570511306,0.37
3.5284022815583116,3.3670023752359697,0.37
3.7102288721284147,3.5905748869884566,0.37
4.3893399433999,4.3705784851626595,0.37
1.5856014642795893,2.0446731222250407,0.37
3.6032510182717448,3.285346316776834,0.37
4.060788591685195,3.9169124295033884,0.37
1.389155793089389,3.261100923640067,0.37
2.6615906522710606,2.031945411360559,0.37
3.518068909011108,2.9894077589578263,0.37
4.095952821757874,3.275645163518577,0.37
2.1040061438430016,2.4272771734273486,0.37
2.613665680969451,3.4578168768173585,0.37
5.173320876373351,3.9860159794077594,0.37
2.994094396835634,2.9832579575789824,0.37
2.328286278539302,2.9409811717361456,0.37
3.7047016130821433,3.558266725593278,0.37
2.4629012403659476,2.8221083445916006,0.37
4.735832276321372,4.069999418480577,0.37
3.3010257617109904,3.964069553460812,0.37
2.877866997673868,3.2081269700681205,0.37
5.365007425464094,3.9930957067998754,0.37
3.383858982182975,4.0109849323906035,0.37
2.6321733178172266,2.3673781030098255,0.37
1.694888358128348,2.905578395833039,0.37
4.177689254084503,3.1753601864383647,0.37
1.848110847699022,3.152084135233863,0.37
3.015480128838655,3.6662107090246634,0.37
2.7760549302162674,3.148126786617575,0.37
1.3894275229519275,1.8242511209893317,0.37
4.61272073616402,3.4868243167287587,0.37
3.3653324992946922,2.7858571885633574,0.37
3.6850957353956773,3.6639099739913985,0.37
3.9476139505308487,3.8301319394388877,0.37
3.9987978343823003,3.076721552664864,0.37
2.700615222614692,1.1709688634753155,0.37
5.371616741198202,3.6897269041214296,0.37
3.099358791194158,2.7061058773827646,0.37
1.9285832384879265,3.207569933257639,0.37
4.286392328272132,3.439882909286321,0.37
-0.6720128684859715,1.1454199563230563,0.37
2.5283420488197725,2.6303286928846434,0.37
2.885752396930607,2.057742429271605,0.37
2.92592014691718,2.569530437533415,0.37
3.52638179615803,3.3352524431339314,0.37
3.1788741749386595,2.8224110473980577,0.37
5.142125845931264,4.811908464933339,0.37
4.454250161048164,3.935998996579758,0.37
4.401715358271135,3.8633179871667016,0.37
3.355735007585398,2.1143847220446306,0.37
3.025011465722667,3.365187342151252,0.37
3.2996550430798455,4.153029507093243,0.37
3.8093128294683085,3.4901555173622136,0.37
2.152396972780102,2.941765366342956,0.37
3.892738116820773,3.8330711467465366,0.37
4.397637828440151,3.511451294047966,0.37
3.5116135888974935,1.975162534252166,0.37
3.354055343123312,3.3843812647405263,0.37
3.153967061311948,2.949856637829876,0.37
4.862540493502158,3.9161314699910177,0.37
2.694952338022206,3.4031848338033783,0.37
1.490091154801534,0.5298640910330362,0.37
3.937537154550648,3.9249735573918345,0.37
3.92242845063665,1.8722608026510514,0.37
3.834661884270678,2.8479275305393164,0.37
3.9943519260619835,3.585947364719372,0.37
2.5473039222401748,2.455952332453614,0.37
2.526741615576702,3.2042898801702004,0.37
2.270638098500593,2.874894954253481,0.37
3.1456951381529965,2.731881171439123,0.37
3.624460713869613,3.835256959371934,0.37
3.986408716786542,3.454353509541788,0.37
2.4423470353692043,3.0239579133629815,0.37
5.15415475541833,4.205334245952536,0.37
3.044522437723423,2.8850872488623995,0.37
0.740335422080044,0.7637276177370862,0.37
3.2401900473579595,3.706300106520964,0.37
3.2834633537943647,3.676353428761334,0.37
2.142918378887127,2.860187298473039,0.37
3.6214996545496874,3.629799313028285,0.37
3.0978374964911444,3.6766807414471168,0.37
4.868217415562378,3.7907467437105122,0.37
1.7114595268264121,1.7926414632907126,0.37
4.106402134348617,3.285128833284425,0.37
4.418135951681889,3.600900863816306,0.37
1.5397662962186935,1.4851481593217826,0.37
2.602504791295757,3.522946870727502,0.37
0.9149688546162393,2.1758084476196395,0.37
4.317017857237967,3.938442446806505,0.37
3.1242105983271222,2.641924407650944,0.37
2.6741486494265287,2.827916429569629,0.37
4.007704173921571,3.0749740510868113,0.37
1.7047480922384253,2.728053413322129,0.37
2.5216672984834854,3.7012546576739296,0.37
3.2871621128106554,3.039442803236786,0.37
3.485329430738406,2.0214834885252335,0.37
4.223386679587443,3.8570019201799415,0.37
2.148644209176253,2.9758038537614087,0.37
2.7089612072575693,3.03317043649085,0.37
5.103843841388425,3.5165451465446553,0.37
4.4489661173489905,2.969680158177554,0.37
2.479335604738545,2.5492654994352857,0.37
3.940774116231767,3.3236281839010213,0.37
3.1664137540644575,3.791359039201574,0.37
2.6103515932561305,2.432027797824298,0.37
3.1905223359302872,2.6832660486224285,0.37
4.1282507526121925,3.843642976932449,0.37
1.8660669606054723,2.6410425598024343,0.37
5.199937261951647,3.8134388992230024,0.37
4.92693824512525,4.495532625104611,0.37
3.8065546928165572,3.7918166203165726,0.37
4.022946624450732,3.5255270922309583,0.37
4.026566118281888,2.9285752777578775,0.37
2.134601669024192,2.646922670386289,0.37
4.467568559052682,3.4400834770520206,0.37
4.334615704513309,3.041262140844943,0.37
4.401422114333814,3.861770051080138,0.37
2.567741573424859,2.7224998969230985,0.37
3.77936436778339,3.4728262223899256,0.37
4.064401407415087,3.3321197867273433,0.37
2.2825375377462804,2.7455392265042478,0.37
3.798779863027372,3.6277704366774772,0.37
2.0501243855477336,3.193349166095848,0.37
2.164443675477942,3.056444652391534,0.37
3.091042453358316,3.1170123779804646,0.37
2.622436448379218,3.4391608643105203,0.37
3.609739186480258,3.3130697448818753,0.37
3.590907757731395,2.987972564143533,0.37
4.703777986227178,3.7836205781427825,0.37
3.735186378864761,2.6397275887420357,0.37
4.002472908350218,2.937709456269416,0.37
3.4370747095692233,3.2222403407256155,0.37
2.7507476105800164,2.5698117656784674,0.37
1.1123786843836094,2.026751480476723,0.37
3.996133309299123,3.7648786720711724,0.37
2.596642150814537,3.381780830622118,0.37
1.020888768604686,1.8622807504929486,0.37
4.356807441156414,3.1428969397722955,0.37
-0.3607766724129503,2.9670388266782894,0.37
2.0704728716970755,3.746860919577103,0.37
2.6093496651454315,4.11849946561853,0.37
4.260030745545007,3.781548704928388,0.37
3.3523286356556787,3.335944648596822,0.37
4.24953636655777,3.1458137725385247,0.37
4.176095212240793,3.341196673764392,0.37
2.715990620338598,3.0929224545054654,0.37
4.889418435940247,4.1370106601061964,0.37
0.9679921062510455,1.2784978746107565,0.37
4.797783428818594,2.820524930633469,0.37
2.7906248630271375,2.7498284233038572,0.37
3.8810650016608346,3.7500120543013145,0.37
3.565293583171814,3.1130869446602687,0.37
4.698964065274452,4.192004155415561,0.37
4.258175859760082,5.094055430513573,0.37
3.378724525810097,2.595248889763877,0.37
2.6285706423241044,2.5041207247143578,0.37
3.523720053203137,2.7050206287657534,0.37
3.5413249807662206,2.7817883502005425,0.37
3.0404975095558227,2.903863859846819,0.37
4.476932021787029,3.3168408788199213,0.37
-0.16258266232976493,0.9064922654526048,0.37
4.570590326086318,3.878689796899026,0.37
2.6807084036929396,2.4342451881146756,0.37
3.132894450397226,3.530800329779069,0.37
6.400146697205269,3.7767748568121466,0.37
2.401009847062516,3.076699508320296,0.37
3.460411948629238,3.333320793419325,0.37
1.5459245067117746,1.920985829669775,0.37
3.827346858847965,3.106644900311988,0.37
0.28249879538992456,1.0908051224381958,0.37
3.0454466522069543,3.2514140090019286,0.37
1.9328380674879606,2.304181649348936,0.37
0.23888013199734096,2.92235537173555,0.37
3.6385725152230894,3.2057880398681684,0.37
3.4118093373559804,3.364770013602282,0.37
2.976937570596362,3.895345580552522,0.37
4.415467146616215,3.1733576105165646,0.37
1.5448725674033654,1.3375026623591935,0.37
3.3179524874680024,3.207561473915575,0.37
3.567930902129597,3.38293928889685,0.37
4.35598399067049,3.9126557086258535,0.37
1.6684911661567265,2.7893287832804936,0.37
4.4324656038334975,3.7415994180442977,0.37
2.2254631856431315,3.349630726006211,0.37
5.274546812497239,3.29507841614518,0.37
4.481585591086873,3.2543494039610983,0.37
1.902631086618304,2.085865999688404,0.37
2.814669876193297,3.0049969145698965,0.37
3.344375045795459,3.7252252441922846,0.37
1.7372760772218925,1.8119512098266062,0.37
2.1771282847826208,2.432116629624839,0.37
4.229525235061634,3.4577082909298915,0.37
3.1535096908351985,2.9601753377774696,0.37
3.856872960587274,3.5354370939618276,0.37
2.2890690668975027,3.3968178666387665,0.37
3.066289946859474,2.908598208191503,0.37
3.476332964171591,3.8905505555086224,0.37
1.5684259508861222,2.927210848723571,0.37
3.399385287317671,2.6736418781244753,0.37
4.0995113714251,3.3331255937548505,0.37
3.2077470486677093,3.097000376606338,0.37
3.8236674198682827,3.992669116617611,0.37
2.80645037950267,3.4162210138817986,0.37
3.3314389480937265,3.7142224382414377,0.37
2.135418047210808,2.8147800310978455,0.37
4.740362471559549,3.669409261610333,0.37
0.8467590833979067,1.7246311060692852,0.37
3.161895403116165,3.754172963065751,0.37
2.451005098112319,0.9542889391984926,0.37
4.189708644570639,3.2151798318215614,0.37
1.1544808129056965,3.7317999930890124,0.37
4.548774728470673,4.311616235226766,0.37
3.8961789461548086,4.182228086878062,0.37
3.008950008862587,1.6499968521127588,0.37
2.4056572781338597,3.05607267762667,0.37
4.951345638036507,3.536957486950148,0.37
3.470190253149107,2.5349120514124013,0.37
5.258844363896338,2.5720565631287045,0.37
2.0789743030515786,2.843369929298214,0.37
4.870174246256196,4.443014206972215,0.37
3.8143648852317384,3.1800629197946275,0.37
5.202173505995134,3.152217497032251,0.37
1.40392822872096,3.444549540225933,0.37
2.2591391137617083,2.8612802539870565,0.37
4.165873076352004,4.093147290072733,0.37
1.6563447004582665,2.7963960634054246,0.37
3.3245637722945114,3.0525321871500393,0.37
2.423158030509951,3.5595314650391385,0.37
4.964963751899079,4.417139287905149,0.37
0.27343165211737314,3.0824625735188564,0.37
3.9260163921690414,3.9495046997789474,0.37
2.514295108787501,2.866993065319719,0.37
0.6079447887977445,3.528970949982729,0.37
4.613940351350004,4.17552102275108,0.37
1.5840145802582917,3.318007987303636,0.37
3.1202558258242172,2.7340228496844237,0.37
3.6387925123746134,3.3304180588577013,0.37
2.997980634734815,3.3691679387295186,0.37
0.9461507145134492,2.0418377525682225,0.37
2.512383456868933,3.1979025132886347,0.37
4.769650605140776,4.354095758138474,0.37
4.455509411433685,3.6923527268726715,0.37
2.535226543332668,3.4221180567071414,0.37
4.397321978636275,4.0880698208824455,0.37
4.687747637919324,3.780041132781706,0.37
3.2229146919610265,4.072420021429777,0.37
2.5660212679672467,2.9230087202096473,0.37
1.8277196212776896,1.1877067836605202,0.37
2.541914130391144,3.661320387994299,0.37
4.2254842080102195,3.7991606631533,0.37
3.592060784169073,3.9266350610165652,0.37
2.9147676015053325,3.3927550911585795,0.37
1.2418783202878712,1.7023839950836424,0.37
3.8771307639204577,4.037950573246023,0.37
0.22903580375897153,2.0537363142338125,0.37
4.464737521543425,3.449548355353502,0.37
3.0659105362566135,2.5397394600090393,0.37
-2.0149030205422647,0.7408330401760038,0.37
3.749137757559876,2.6604588489668264,0.37
3.238184233215331,3.2750452319304464,0.37
1.784697372608407,2.7077773602586177,0.37
2.785720142184247,2.917365284383572,0.37
3.505128304510387,2.7406409572860655,0.37
4.564053162700391,4.13864359596017,0.37
3.8639378558354176,3.5417700869389237,0.37
3.6427180432813238,4.016739012135929,0.37
2.5478198501921243,2.7187431500858876,0.37
2.814832770682207,3.2239345610875207,0.37
1.4315758328864885,3.126061935436027,0.37
2.1994667307419093,2.831251255397005,0.37
3.1764423597117353,3.252220450967331,0.37
3.2902658209548736,2.42531092785648,0.37
2.4967094813814574,2.991282392934485,0.37
4.338322200439152,4.0804143451964485,0.37
3.1448923717743864,3.33640147860161,0.37
0.231695833129527,2.3327747407581314,0.37
3.3161039834857946,3.0314828485525895,0.37
4.385458239975578,4.455341299752188,0.37
4.2881367945836555,4.081168472855309,0.37
2.780604407161003,2.8440496658401577,0.37
2.737181483259068,3.0085344107967154,0.37
2.6915463896602607,3.1194796147584647,0.37
4.815007349619103,3.9855099896977624,0.37
4.6447614055052036,3.8710408797060554,0.37
5.697583525529856,3.6389416774253687,0.37
2.5544044442849216,2.627588879062729,0.37
2.8152338713215515,3.1640298186191393,0.37
3.882950957941719,3.891126484370315,0.37
3.290730177276402,2.803124585779672,0.37
4.35181485281073,3.1484612096688562,0.37
4.801182514988083,3.553563486645592,0.37
0.06899287148695142,0.897832044746756,0.37
3.692663662938441,4.196216265287694,0.37
3.0204248861443626,2.309866667550008,0.37
4.982331517933404,4.230194253178423,0.37
3.9668058012864194,3.7056039586179432,0.37
4.283967180699886,4.363754037778577,0.37
1.8483434223649693,3.2544894233521644,0.37
5.477114200279045,4.25442824795629,0.37
3.7882488245655628,3.2122835921844226,0.37
4.132752979740627,3.602648529218482,0.37
4.5288990289137905,3.2368108922947547,0.37
2.48473153460199,3.558115612532118,0.37
2.3956525686534267,3.086393090793562,0.37
2.22413656150933,2.5610083029449098,0.37
4.260103142680546,3.937914309335738,0.37
0.9195820129582278,3.4601396778852047,0.37
4.223393028255329,4.0777237917811435,0.37
5.210155768190059,3.073138617588318,0.37
3.706990319883294,2.3339729598586376,0.37
3.8118098303016854,3.4730073493471014,0.37
0.756326082181477,2.090374033096285,0.37
2.9363560687986876,0.9766615792180304,0.37
1.365612084555624,3.29886476260538,0.37
2.9052223645053923,3.381441809216461,0.37
4.205006421454175,3.4962449844591417,0.37
3.8928141693204807,3.5044189907886265,0.37
0.5176456764198925,2.956659897329444,0.37
4.044077930557268,3.279219982015186,0.37
2.498314020545418,2.7570769164045674,0.37
3.431101550055265,2.332858154548126,0.37
1.5820481368600254,2.398009878230371,0.37
5.15599460839871,4.266303429556504,0.37
2.2226587658850865,2.43770636031262,0.37
1.8231457830487257,2.5036497727111002,0.37
2.6418320339557515,3.2658165038692935,0.37
4.446400379494929,3.8507048538767297,0.37
1.071610849766487,1.837752300227817,0.37
2.1485626914541442,3.309829639026628,0.37
3.962353180563552,3.370757191535085,0.37
-2.2635345781221727,3.205556770910196,0.37
2.3331880267663387,2.260094459602592,0.37
4.249867925861331,3.9109195826866054,0.37
2.827789478841987,2.378835905073486,0.37
3.408355426984875,3.535599158529983,0.37
4.021330776592358,2.876499677624657,0.37
4.272929376605647,4.599040353114528,0.37
2.604809613555091,2.768780900181896,0.37
2.1235913262927655,2.032106945467597,0.37
1.2116847827969885,1.7517589391137054,0.37
4.093650157818033,3.579618263938126,0.37
3.1397539052604,3.7528214913977345,0.37
0.6931471805599453,3.160969738497555,0.37
4.227289371116122,3.6478938374862016,0.37
1.7757591278816138,2.2826924287403267,0.37
0.49457139594259447,1.9459235822417205,0.37
3.258383285510424,3.3331746991631244,0.37
3.8644224099758118,3.868462360044044,0.37
-0.06630107982124002,1.9041465288926804,0.37
2.2155737160044158,2.8676839655173345,0.37
3.170313392772969,3.383372110088126,0.37
3.260672953546662,2.945983651754115,0.37
1.128465251817791,0.8853502678342183,0.37
2.7670325184765217,2.347824917886924,0.37
4.511197572781057,3.0976908652476327,0.37
4.6744800803887,3.764738010061278,0.37
0.7192543533391239,0.4070659805892696,0.37
3.880253665109319,3.6989085744423793,0.37
3.106299797419666,3.2660446057013117,0.37
3.287042300526073,3.1657796387021846,0.37
3.418532593663701,3.2418032845994533,0.37
3.163490583163018,3.323316035082469,0.37
1.9758183959488236,2.2299706786029385,0.37
2.6003598824237075,2.7418673898390664,0.37
3.0356026074305547,3.6488365282447446,0.37
5.665511069221836,4.274940740695057,0.37
5.653637188788368,3.9278194393566324,0.37
3.8059576343720374,3.139644830081512,0.37
3.6080179589444348,2.837656818465965,0.37
3.4992585948383703,1.350153214210613,0.37
3.7351797486422176,2.7283249165536225,0.37
1.7480298286161111,2.8266323249914866,0.37
3.6646301267153256,4.258273164402911,0.37
2.8499427526024714,3.09323264397003,0.37
4.6624575792287555,3.6404912716262166,0.37
2.0298379590009548,2.1522614336773986,0.37
3.8834405430805665,3.7532256955426857,0.37
4.88134276293017,4.218263304022042,0.37
2.9400841275192695,3.1656984528365304,0.37
1.5260563034950492,1.921704473344684,0.37
2.677427340888227,3.471318395944936,0.37
2.5776883832389665,2.790204411103522,0.37
0.5761905469778659,2.0725485766806764,0.37
2.565084301122763,3.9003365502496052,0.37
2.323047699194857,3.3956516441009086,0.37
3.556835050610992,2.2434971928665854,0.37
3.0402339143388626,4.137012469097368,0.37
2.438313145268268,2.80647472575749,0.37
3.486672776348919,3.5060863950327477,0.37
1.3898936451495374,1.597070835400855,0.37
2.5366623216490503,3.213096050686887,0.37
2.8512448936476162,3.5667217468674037,0.37
3.9119669814498685,3.4426306851623956,0.37
3.4237063371015695,3.9478408327595917,0.37
1.985905719245494,3.329187933441161,0.37
-0.9538984142249038,3.352103989622764,0.37
2.9398462167254165,2.4030309514992294,0.37
2.8309153139621905,2.983667274158005,0.37
3.2010391210204183,2.880474692935549,0.37
2.595129967619878,3.075377441152345,0.37
2.817023856718989,3.804791256965314,0.37
1.6200688162693013,1.467316322820186,0.37
1.6860393060209466,3.192594079752159,0.37
2.7768663060025602,3.9916811554536933,0.37
3.7677676494406476,3.785230784711056,0.37
3.9000910598673517,3.6784216723205425,0.37
3.6258533022826707,3.334141381938373,0.37
2.9620582872775714,3.503649815277758,0.37
2.7652943058212296,3.862710588869045,0.37
1.7227085947829366,3.073266847505149,0.37
3.5361166995615263,3.305727705922112,0.37
1.5072283745558428,2.9521211888911525,0.37
2.4035302854592224,3.322968527331019,0.37
3.9808270792057154,4.417993638419208,0.37
0.2321792881290935,0.8829037572952274,0.37
3.4716706383195413,2.382744435187496,0.37
2.984220483293493,3.214802645326763,0.37
3.623471614474466,3.5959798228651336,0.37
4.2419371478870005,3.825976754037957,0.37
4.515379410535621,3.807090646427304,0.37
3.284087196514167,3.403202981380728,0.37
0.5491273110219698,1.403049923791341,0.37
2.8725275195208884,3.655723669420726,0.37
-0.3831446448196436,2.6854805913648248,0.37
4.1995986892421335,3.3084364514287348,0.37
1.5559092666447305,3.1692141861462226,0.37
2.5001252679320256,3.7533690858196693,0.37
4.576887804547162,3.0615045433505568,0.37
2.373153783158208,4.184050024912944,0.37
3.04234457842341,3.984445194650604,0.37
2.916103925565348,3.096241315046261,0.37
3.078047489029967,3.424350902039865,0.37
3.2671974952366063,2.9128073582225404,0.37
1.9690091639240492,2.1311679420997582,0.37
3.7639103589385434,4.0084598428058085,0.37
2.385421098573195,4.2748959750498345,0.37
3.691252026744363,3.232508112400289,0.37
2.8009760953215146,3.0292910325607947,0.37
0.48502367446426603,2.7517637618167057,0.37
2.2394719121653326,2.841059439724962,0.37
3.681759449741248,3.5155247455765206,0.37
3.9076127842314428,2.898499204833462,0.37
3.5177592945859715,1.3949472278035062,0.37
4.658473958010402,3.827946803980373,0.37
4.108092642962849,4.08694597259873,0.37
3.570544508370696,3.162368960064296,0.37
3.1775516962675985,3.562192316943433,0.37
4.6848270492553885,2.5959608487594723,0.37
4.564620505542496,3.388106112882335,0.37
3.334927374314572,2.838679079016201,0.37
2.104974843685001,3.17573263046418,0.37
3.957123832673242,3.7260690760515582,0.37
4.122321367036586,3.2122578378971625,0.37
3.181520038324432,1.0220396803290985,0.37
2.5063045713055554,1.295789837146721,0.37
1.492263673757137,2.7880295490487303,0.37
3.4995791097162092,3.423157558064513,0.37
1.63241219438224,3.04685699087007,0.37
3.725553430689672,3.630337838501667,0.37
2.4361634328733364,2.9468967937217703,0.37
2.4437982827894453,2.698370493352382,0.37
2.0716661245370385,1.7176344725768244,0.37
4.990603087184088,3.6871830127302987,0.37
1.1240113281215154,2.1105386075463177,0.37
5.559243589655493,4.1443037422891,0.37
3.5063949138146544,2.9705748452396827,0.37
4.669845763407686,4.0952508231282225,0.37
3.695044620883739,2.7424331779937794,0.37
3.9946412072378017,4.146003337899833,0.37
4.408564401330887,3.424077158501264,0.37
-0.29311362849573275,1.0323700149740895,0.37
2.769702953983104,3.451625129125179,0.37
1.9468511041941352,2.5791019223740914,0.37
2.1252804002146877,2.809855605444807,0.37
2.818512261597122,1.0407348243709873,0.37
-0.7647736387100957,3.2395663830721064,0.37
3.3628284899267404,1.1512983695738586,0.37
3.8058919670409064,3.3211226176390327,0.37
4.346237526822296,3.536400741649336,0.37
3.878403916021317,3.3473877078340295,0.37
5.384033935786544,3.9328800295412587,0.37
4.069591203671317,3.0055022193079206,0.37
3.629660094453965,3.8236431816062435,0.37
3.7646581078237857,3.1715645884157952,0.37
5.1547658453734435,4.974044232616984,0.37
3.518480916808653,3.5439155848856996,0.37
3.6778873100063993,3.4679338322274633,0.37
3.44194597899349,1.786447287053148,0.37
0.9916401691159419,1.831866965650379,0.37
1.1977015369554678,3.3048014922356153,0.37
3.392305506840156,1.646655994712129,0.37
2.708535078983096,3.1253790869940508,0.37
2.70803254324093,3.026010113048909,0.37
5.6105908039429595,4.221385023704303,0.37
3.7331906686298004,2.9271182535222304,0.37
2.8369005232218054,3.1060938983785364,0.37
4.4399390301698665,3.7775715575640554,0.37
3.596389864585955,2.3290598574505164,0.37
4.675867744021833,3.57071063362644,0.37
2.2416264459317405,1.9803063555869562,0.37
4.5236267239410966,3.6137152337546037,0.37
3.2082937155376636,2.796834975466982,0.37
4.084513721859408,3.935784467023295,0.37
3.7594924892022163,3.3017369656995927,0.37
4.134576827005034,3.481651789687484,0.37
4.3968561996048035,4.285038624844823,0.37
3.559281203236251,3.2974925467015015,0.37
1.327844791516322,0.6370436312112641,0.37
2.3202066943438653,2.8806560835977337,0.37
2.217918425392508,1.1037382584940798,0.37
4.769433162939396,4.389096775739229,0.37
4.295604842188069,3.0169491758025977,0.37
4.478025282663748,3.276001498127739,0.37
2.2010651965554073,2.7436229557639353,0.37
1.0871800615777687,3.6544221564552126,0.37
3.854668611322932,3.669732764325608,0.37
3.080207496689486,4.079905797955416,0.37
5.1149535381682245,3.354712811470021,0.37
4.3985180868444695,3.46832557902496,0.37
4.112962219285664,3.4803579875800597,0.37
3.591817741270805,2.7271820477294275,0.37
2.223755068709128,2.9943009969524734,0.37
4.16838332530795,3.706288026015359,0.37
4.9007922295043596,3.4370834731417714,0.37
-0.07666622590885958,3.3832496621577537,0.37
5.560029783658779,4.050453536485176,0.37
4.5432418540142425,3.369406001424229,0.37
4.253303591358363,3.400064118969584,0.37
-0.29505380983255863,3.4204197759748136,0.37
2.279512213857777,2.350001217633095,0.37
4.649316918834319,4.3842862133196965,0.37
3.7703197860541104,4.0067581562761685,0.37
1.6931841607664795,1.965295293144369,0.37
4.106408254527975,2.67193919793086,0.37
3.272696302870744,2.6945378326040443,0.37
4.538013704868158,4.126002054147184,0.37
4.598864633424815,3.214242357251121,0.37
5.069688815887931,4.0110272362393005,0.37
3.508328742241278,2.973107783988302,0.37
3.8334070033663235,3.6266080009230026,0.37
0.39098708892751116,0.9937316561148037,0.37
3.274664052395556,2.5032149077679375,0.37
3.237842791394003,3.8812916348055295,0.37
2.7428541232969024,3.099065354633929,0.37
3.169948934934317,3.31642790026191,0.37
1.872059411629698,2.7016540489288343,0.37
4.166242301401682,3.5255536294274163,0.37
3.8461160586891263,3.792246428249998,0.37
1.265047473891518,2.828896821367994,0.37
2.1455220359681415,2.700836824433138,0.37
2.8630036621330768,3.150698777557262,0.37
3.8549234133875734,3.6473400709307033,0.37
4.584521299075886,4.226908483921157,0.37
3.2630539789320117,2.3082525114999433,0.37
2.2121094102879097,3.460618244372484,0.37
4.278015870281037,4.11717368042581,0.37
2.6724674757862577,3.0666837029813134,0.37
3.5974284380180777,3.092214164277028,0.37
3.7778818707590527,3.369798420973639,0.37
3.891644653053705,3.478051114446448,0.37
4.205190780260885,3.9178825528768613,0.37
3.3509194821124755,3.3111434332034135,0.37
-0.09928783444738416,0.26299623263916183,0.37
3.6753252044182587,3.185787575667928,0.37
3.6949500103762465,3.5537641251676915,0.37
1.5308740146701547,0.5188080911966811,0.37
4.70505655371501,4.406463334803283,0.37
4.243643522695806,4.1746369371703285,0.37
1.2073337912250286,3.4437393389037227,0.37
2.9199775111696966,3.4278295268928667,0.37
3.8280232974049935,3.073713044657723,0.37
2.8400061659853857,3.596544147513214,0.37
3.3227679262498824,3.6190327491753145,0.37
3.4310503448118364,3.1786350595941233,0.37
4.4710419428798485,3.746833475024664,0.37
4.175223786777722,3.1709639896946378,0.37
4.190048497199549,4.089247785136879,0.37
3.047135452013956,3.095074621478515,0.37
2.6651124433625912,3.7961559381186567,0.37
4.975179594181128,4.226261627027001,0.37
3.5647390438045137,3.2031437503721234,0.37
3.5965658882702454,4.335995012376106,0.37
1.6880069610415986,3.567399872750108,0.37
2.3859554104085148,4.213176750302022,0.37
5.454273346532981,3.674318504542988,0.37
4.08803843772034,3.377383111822293,0.37
1.858486861461864,1.7362432969111534,0.37
2.340356841087337,2.4334240697962497,0.37
-0.35297153333078385,1.7172337422291166,0.37
5.135452356410019,2.7050206287657534,0.37
4.250096422650084,4.303337650260029,0.37
4.091273765552237,4.292735118998399,0.37
0.055741983008235164,1.0350970921311666,0.37
3.227090284000601,1.9230672994421256,0.37
3.6481528084664845,2.5282939214362337,0.37
0.5569230902465144,1.9102078466605201,0.37
1.7435662555485125,1.6402398505356413,0.37
3.3625825455343756,2.912170010921356,0.37
2.2309627169680692,1.6428734202181146,0.37
2.610411731538294,1.6598573942254722,0.37
3.369592042246824,3.2937685139543187,0.37
-0.45722642018195403,0.3832843584492645,0.37
2.501266276878255,2.806631018995954,0.37
1.11365016603265,2.8018321244384063,0.37
2.663954881236986,2.3196367162811757,0.37
3.3118925255641187,2.871992924255281,0.37
4.011212192703955,3.824635800090898,0.37
4.046275957397615,3.0470241506589777,0.37
4.329309852501477,3.5472172783458875,0.37
4.391321311257044,2.8099767965335176,0.37
3.7122207072074738,3.6231271285055753,0.37
4.979323075819644,3.45756847853029,0.37
3.280061575348321,3.394666757439545,0.37
3.4633967204465543,3.177014020920122,0.37
3.6814929128692424,3.0680692863694254,0.37
3.755874728409554,3.333528876288621,0.37
4.272025739459553,2.8307818825677007,0.37
0.8930019474601284,3.4790585312278064,0.37
4.186496526437903,4.547433699369697,0.37
4.525957939552432,3.996111312037423,0.37
1.577102531791164,2.931659110735178,0.37
4.128109153614758,3.7353657351918454,0.37
4.381335070500234,2.795106086905326,0.37
2.8607025662528613,2.9483987772970823,0.37
3.0512609909793253,3.6238697890520393,0.37
3.044639646971367,3.364642267751258,0.37
3.7960532117003836,3.8318789279864527,0.37
4.1210924037388965,4.364779294986201,0.37
0.8274816413271698,3.05861325069806,0.37
1.5430234695350933,1.4072260897735687,0.37
5.123682977073371,4.160961189916367,0.37
4.925496965253522,3.7589884977731853,0.37
4.119912338961598,4.049168294179301,0.37
3.382308932650937,3.6661519631582062,0.37
3.8711790171761034,4.220655619852492,0.37
3.1856694333721842,3.57702405839115,0.37
3.453038055680917,4.366491400032452,0.37
4.426545927766125,3.71669680532548,0.37
3.3451940862094,3.9435094527857926,0.37
2.8366856249597405,3.3143206984155085,0.37
2.295632818330017,2.531861803975515,0.37
2.6927100431075788,3.3324781809741877,0.37
1.484731322618068,2.725370952571073,0.37
4.766979773052907,3.6425869627191862,0.37
-3.1757613210556905,0.9163415253710606,0.37
3.94393332520546,3.4089658683468445,0.37
3.612281005810025,2.777503966254974,0.37
4.377239915693277,3.1677724171878925,0.37
3.8729557199431377,2.7338643010728,0.37
-3.107210210360329,0.41036315764795067,0.37
1.1903207151576087,2.7569401521563104,0.37
4.1917261518703794,3.2033577993716094,0.37
3.7049560461358246,3.256475847885314,0.37
2.0720924272383625,1.0415424718997104,0.37
2.706586496803575,2.896637638244265,0.37
1.5018792339287181,1.5910030004732592,0.37
4.751835743880332,4.20934626606121,0.37
2.9885637840753785,3.3522477322635638,0.37
4.208725929572818,3.8595359964010822,0.37
4.582215274030591,4.10849829685526,0.37
0.4276832063606997,1.9611639808061712,0.37
2.862646536157839,2.946752158311002,0.37
1.8907276741036834,2.8208517274839524,0.37
3.594043054116152,3.5485574398679387,0.37
3.590699806812251,3.6608847819330625,0.37
3.4173688857514883,3.608127022746322,0.37
3.253876852711619,3.460559830720132,0.37
1.8596806551721714,1.3585788915602877,0.37
4.448621532981132,3.439330163161547,0.37
4.327432664460282,3.9457104637259914,0.37
4.306912763255779,3.5290233733518925,0.37
2.6003126935954635,1.9202322885762604,0.37
3.4776148614389064,3.6795473108465293,0.37
2.456735772821304,2.303516872197905,0.37
2.8576793962106226,2.9072793815673696,0.37
1.6746043770773917,2.139925210967764,0.37
3.051614593970734,2.1511458902644875,0.37
2.928794245995192,2.3584547989538507,0.37
2.4761494990243245,3.489061343884342,0.37
2.7297150191087654,2.801780074293309,0.37
2.378827789717774,3.153977990240814,0.37
3.014949489885619,3.2052228747614437,0.37
2.5941316093272713,2.9184685876055916,0.37
3.285809503115757,4.02971768957317,0.37
4.868269965850982,3.485863796866873,0.37
4.683629983437264,3.7345527695796696,0.37
1.490091154801534,2.830177113662626,0.37
2.180206232319998,2.87948496621921,0.37
4.062782496926689,3.7677206263882916,0.37
1.8359474434345344,2.0308941081629177,0.37
3.2399426748359206,3.267365519737396,0.37
1.2636966350276595,1.816655464513552,0.37
1.7836909524690188,3.056999810853876,0.37
4.2549537746336,3.5895982420154025,0.37
4.282095796048832,3.530696626083455,0.37
1.6478221554424157,1.4522831347232772,0.37
2.2782396652616552,0.7854640031533797,0.37
4.003208050472508,3.855099725538868,0.37
2.38807070046415,3.1666552266802563,0.37
3.991064107503225,3.43854319751271,0.37
2.3723473345406716,2.900118703277577,0.37
3.5801500413900054,3.3192357675630704,0.37
3.6601913581923187,3.4238182713699863,0.37
4.230576811656804,3.665185559255601,0.37
2.2565011872657594,1.8948805244107476,0.37
1.8402080768277416,2.170356299307146,0.37
3.3592999208852654,2.9778670856718756,0.37
3.8634773803825135,3.086573711945036,0.37
3.168678906717467,2.962525323267377,0.37
3.673315542206794,3.8011224027861226,0.37
2.6300392653782243,3.5305159935872523,0.37
2.1933921061794157,1.8708251469275001,0.37
3.772538232615163,3.4443065168564497,0.37
2.5371915973090986,3.398532509970832,0.37
3.6175372132972186,3.7108660612687685,0.37
2.3650098953146284,2.7124601469168903,0.37
2.8630447232747924,3.2985323588037683,0.37
4.242301279440151,4.137352210255748,0.37
3.661383938424154,3.339325460368171,0.37
3.1765830255527225,2.1082959888805055,0.37
0.09840066472276647,2.0947763603065264,0.37
0.8177550667802115,1.4766212037132984,0.37
2.024980910551164,2.6980173225163546,0.37
3.9371703235599402,3.3632886941908544,0.37
3.724590850771542,3.327959616526866,0.37
3.0812105297786765,3.232279190138519,0.37
4.265967606666243,3.6240006049572737,0.37
2.9682662567109226,3.932530692382727,0.37
2.917338751903178,3.3182000733748427,0.37
2.133577246719485,3.600581655379434,0.37
3.2819957131920523,3.6746349055281047,0.37
1.5743521642587461,2.3475575570442135,0.37
4.995143132500016,2.776195995369614,0.37
4.386464624971237,3.9070042909147484,0.37
3.1639071190893566,3.7088050270846322,0.37
3.180546879870093,3.8081099004245207,0.37
1.7069450905589674,2.9320410037490334,0.37
3.2948262544984055,2.7404544383627227,0.37
0.30521316039306057,1.275804746659329,0.37
2.8370515746549825,3.1517121308490856,0.37
3.481405501626202,3.4783098871775557,0.37
4.714172032996894,3.520298686985452,0.37
4.212617673850067,3.3698044867326074,0.37
2.9768319128896175,3.2780052266922617,0.37
2.3682029450512925,2.2590209358866726,0.37
3.177494568558911,3.1408211158398127,0.37
4.046305488358979,3.1867153288521832,0.37
3.4709690690991715,3.8429983801906094,0.37
3.3818833913307373,4.108099762784812,0.37
4.180407930283991,3.362774992514115,0.37
5.073170269830619,4.154825061607165,0.37
3.940115483271538,4.209474521748024,0.37
1.0666949927552793,2.9957310031003486,0.37
3.312138612497344,3.4970407406717627,0.37
4.211204015050581,3.6325912519971157,0.37
4.078627996196724,3.8458298511607314,0.37
2.69140979387864,2.986890914126013,0.37
1.7388735830036104,3.4519660656260074,0.37
3.5529586742571797,3.4519167054244386,0.37
-0.45374879263055395,1.3320127108977693,0.37
2.277267285009756,1.9644955120053218,0.37
3.976836571262214,3.0266496303577544,0.37
2.5721482211723887,3.3965899987589325,0.37
0.7816857750385163,3.7031814119702617,0.37
2.7519938943641327,3.010209808904444,0.37
2.2303668851822467,3.0997738393497647,0.37
2.8259328906205283,2.950082002648546,0.37
4.604565976644746,1.8565801651873393,0.37
5.344163541813273,4.240275038330521,0.37
3.6282307935470346,3.0890224857510233,0.37
1.989395260995052,0.7387660918871436,0.37
-0.2809779342778803,2.423312056382165,0.37
2.637319455420672,1.9688683732703043,0.37
2.09549413717904,2.6766819456437014,0.37
4.289908239553807,2.8713987654122435,0.37
1.553136526013725,3.486019780164968,0.37
2.497564062478766,2.834075376633596,0.37
2.626642457186113,3.1152175676607796,0.37
4.284991667307423,3.8490734160459934,0.37
2.505871778253045,2.5908042372224895,0.37
4.300126141779474,3.231495765784367,0.37
3.930303562415257,2.990884039233957,0.37
0.5108256237659907,2.8295795351869355,0.37
2.768320166897062,2.2013320122257194,0.37
3.8720019721040955,3.385699398986402,0.37
5.766169489414523,4.123951190835029,0.37
-0.25293330990230634,2.6805439003117937,0.37
3.321673058122862,3.337648811055044,0.37
4.175081907322846,2.829476534038373,0.37
-0.7499695164266416,3.3765940833096413,0.37
3.266546693169562,3.246120650371165,0.37
2.2489323795017255,2.7120457883924263,0.37
3.9749978045895347,3.9737525908506535,0.37
0.14190205775105916,0.8199950124056864,0.37
2.6604380215151004,2.661127533641438,0.37
5.793840762478301,4.095317021649177,0.37
4.083730941515954,3.6407200092153578,0.37
2.4104631771831153,1.9803063555869562,0.37
4.551001949514942,3.026841715105891,0.37
3.832411181341919,2.7571565530516025,0.37
3.129995566436658,3.9492487483516188,0.37
2.8185466035348754,2.7649161004880782,0.37
3.9854650638235545,3.712108827903666,0.37
3.4975284906005872,3.3285030046132986,0.37
4.167823160246579,4.413781922140024,0.37
2.8109852424626913,2.5391381214131044,0.37
3.4087709686933794,3.111597703359284,0.37
3.2320479541460325,3.1843723811131848,0.37
3.0258665963724902,3.985844089346577,0.37
2.152644945703131,1.8451901272158375,0.37
3.1994668895355742,3.545993249755121,0.37
3.5700982989374697,3.5910121699653494,0.37
2.4593692708852517,3.5537539456586416,0.37
3.093440125341013,3.18060740260311,0.37
4.0461952183245185,4.406473211865806,0.37
2.5734016000678546,3.0726327448037383,0.37
3.597312260588446,3.9981191397500515,0.37
4.452886832020027,4.212958300380124,0.37
3.6642713249254255,3.7671433424173606,0.37
2.8885269820402684,2.710983616325955,0.37
1.6717643928529728,2.8121799354799277,0.37
3.298500467070626,3.6439458174102013,0.37
1.9961813380638689,2.344254922416182,0.37
2.0919085035191816,1.7261139044166904,0.37
3.6675638344806436,2.0618804234995527,0.37
3.267181610243953,2.3543985951907263,0.37
2.2007089014188304,2.2895600373524405,0.37
4.401508382009992,2.9830198047354752,0.37
4.086319055870992,3.575533691855659,0.37
4.729082547040445,3.4570499036316287,0.37
2.757174001351918,2.2739986881819374,0.37
3.7963414227572416,3.2365018288337772,0.37
3.034169889239451,3.4246877068722,0.37
4.3388259502748,3.8352930399148892,0.37
4.29777633268818,4.172256181934001,0.37
2.9345215425090947,2.772383666371475,0.37
3.0290456291882695,2.7842171383400527,0.37
1.7457743559862318,2.9667442263423327,0.37
3.6847040827034556,2.819687353861225,0.37
1.5584117477396036,2.1810357592170178,0.37
3.979042199547868,3.8269061602594148,0.37
2.0830757067940557,1.8940384645748627,0.37
1.399861842215443,0.6425105314784024,0.37
2.7986793340834777,3.2695555798631553,0.37
2.4205329767773605,3.5610254295495998,0.37
1.924354834626265,2.1515797935427616,0.37
4.44761203498053,3.5726147352348554,0.37
2.155661942737857,3.048866418358145,0.37
3.6356145159550826,2.7391628143529068,0.37
0.8290491787988044,3.1582369315450403,0.37
4.376322899257203,3.589481916437995,0.37
1.810765898034784,2.921111222868347,0.37
1.733681648789568,3.1033958236105534,0.37
4.407261105852423,3.43466304521802,0.37
4.459933790572906,3.839220145368541,0.37
3.84873232351353,4.064288939991498,0.37
0.76052003549243,2.682936882038437,0.37
1.55816542905141,2.564387829608779,0.37
2.361865692886996,3.2375321892862585,0.37
3.4105735772907106,2.6843450833311193,0.37
3.340679137166176,3.9076230747759784,0.37
2.8271746625770366,2.924452893340929,0.37
3.8953423484745997,3.3517201154108545,0.37
